stem	rarity (-1 == wasn\'t in corpora, lower is more rare)	total corpora words	first word to make stem
dothrakis	-1	11622	dothrakis
dany	-1	11622	Dany
jorah	-1	11622	Jorah
mormont	-1	11622	Mormont
cabalg	-1	11622	cabalgó
abedul	-1	11622	abedules
risc	-1	11622	risco
arenisc	-1	11622	arenisca
yunki	-1	11622	yunkio
barbablanc	-1	11622	Barbablanca
flanc	-1	11622	flancos
mercenari	-1	11622	mercenarios
lancer	-1	11622	Lanceros
arquer	-1	11622	arqueros
veis	-1	11622	Veis
estandart	-1	11622	estandartes
arpi	-1	11622	arpía
yunkai	-1	11622	Yunkai
yunkaii	-1	11622	yunkaii
astapor	-1	11622	Astapor
yelm	-1	11622	yelmos
inmacul	-1	11622	Inmaculados
vos	-1	11622	vos
asint	-1	11622	asintió
adoquin	-1	11622	adoquines
khaleesi	-1	11622	khaleesi
engreid	-1	11622	engreída
enviadl	-1	11622	Enviadles
dragon	-1	11622	dragones
calibr	-1	11622	calibrar
pizarr	-1	11622	pizarra
afil	-1	11622	afilarlas
estac	-1	11622	estacas
eunuc	-1	11622	eunucos
fortific	-1	11622	fortificado
gusan	-1	11622	Gusano
altez	-1	11622	Alteza
sedient	-1	11622	sedientos
vuestr	-1	11622	Vuestro
demostrarosl	-1	11622	demostrároslo
daenerys	-1	11622	Daenerys
estes	-1	11622	estés
espole	-1	11622	espoleó
perimetr	-1	11622	perímetro
mul	-1	11622	mulas
hambrient	-1	11622	hambrientos
librement	-1	11622	libremente
hord	-1	11622	hordas
sanador	-1	11622	sanador
prefir	-1	11622	prefirieron
asno	-1	11622	asno
armer	-1	11622	armería
langost	-1	11622	langostas
sandali	-1	11622	sandalias
jinet	-1	11622	jinetes
contuv	-1	11622	contuvo
arstan	-1	11622	Arstan
belw	-1	11622	Belwas
hig	-1	11622	higos
kos	-1	11622	kos
jhog	-1	11622	Jhogo
aggo	-1	11622	Aggo
rakhar	-1	11622	Rakharo
khalas	-1	11622	khalasar
trenz	-1	11622	trenzar
encorv	-1	11622	encorvados
irri	-1	11622	Irri
jhiqui	-1	11622	Jhiqui
missandei	-1	11622	Missandei
barrit	-1	11622	barrita
inciens	-1	11622	incienso
endulz	-1	11622	endulzar
drogon	-1	11622	Drogon
rhaegal	-1	11622	Rhaegal
cojin	-1	11622	cojines
enrosc	-1	11622	enroscados
viserion	-1	11622	Viserion
bañer	-1	11622	bañera
valyri	-1	11622	Valyrio
alas	-1	11622	alas
rasc	-1	11622	rascaba
prendahl	-1	11622	Prendahl
ghezn	-1	11622	Ghezn
ghiscari	-1	11622	ghiscario
achaparr	-1	11622	achaparrado
encanec	-1	11622	encaneciendo
sallor	-1	11622	Sallor
calv	-1	11622	Calvo
qarth	-1	11622	Qarth
cicatriz	-1	11622	cicatriz
serpent	-1	11622	serpenteante
daari	-1	11622	Daario
naharis	-1	11622	Naharis
extravag	-1	11622	extravagante
tyroshi	-1	11622	tyroshi
puntiagud	-1	11622	puntiagudos
myr	-1	11622	Myr
jubon	-1	11622	jubón
adorn	-1	11622	adornado
medallon	-1	11622	medallones
laton	-1	11622	latón
amargon	-1	11622	amargones
filigran	-1	11622	filigranas
gamuz	-1	11622	gamuza
lac	-1	11622	laca
llevar	-1	11622	llevaros
alzan	-1	11622	alzan
imperterrit	-1	11622	impertérrito
campanill	-1	11622	campanillas
tintin	-1	11622	tintinearon
comienc	-1	11622	comience
unis	-1	11622	unís
saque	-1	11622	saqueo
masacr	-1	11622	masacrando
rebuzn	-1	11622	rebuznas
risit	-1	11622	risita
targary	-1	11622	Targaryen
arde	-1	11622	Arde
ponient	-1	11622	Poniente
sois	-1	11622	sois
corcel	-1	11622	corcel
desenvain	-1	11622	desenvainando
arakh	-1	11622	arakh
salvoconduct	-1	11622	salvoconducto
decidm	-1	11622	Decidme
comunicadl	-1	11622	comunicadles
dadm	-1	11622	Dadme
braavosi	-1	11622	braavosi
bastard	-1	11622	Bastardo
foll	-1	11622	follé
braav	-1	11622	Braavos
sentart	-1	11622	sentarte
muchachit	-1	11622	Muchachita
hombreton	-1	11622	hombretón
desconozc	-1	11622	desconozco
explicam	-1	11622	explícame
qohor	-1	11622	Qohor
empiec	-1	11622	empiece
detendr	-1	11622	detendremos
idiot	-1	11622	idiota
rehuy	-1	11622	rehúye
quedat	-1	11622	quédate
dejart	-1	11622	dejarte
sirvem	-1	11622	Sírveme
lealt	-1	11622	lealtad
tirone	-1	11622	tironeó
espes	-1	11622	espesa
tendras	-1	11622	tendrás
jarr	-1	11622	jarra
llevart	-1	11622	llevarte
bodeg	-1	11622	bodegas
carromat	-1	11622	carromatos
llevat	-1	11622	Llévate
apuntal	-1	11622	apuntaló
miramient	-1	11622	miramientos
lom	-1	11622	lomos
escultur	-1	11622	esculturas
fald	-1	11622	faldas
tunic	-1	11622	túnicas
grazd	-1	11622	Grazdan
mo	-1	11622	mo
eraz	-1	11622	Eraz
enjut	-1	11622	enjuto
envar	-1	11622	envarado
kraznys	-1	11622	Kraznys
unicorni	-1	11622	unicornio
ribet	-1	11622	ribete
tok	-1	11622	tokar
fier	-1	11622	fieros
ghis	-1	11622	Ghis
berreant	-1	11622	berreante
sentar	-1	11622	sentaros
encog	-1	11622	encogiéndose
esculp	-1	11622	esculpido
esclaviz	-1	11622	esclavizar
lys	-1	11622	Lys
tyrosh	-1	11622	Tyrosh
enorgullezc	-1	11622	enorgullezco
sinsent	-1	11622	sinsentidos
vais	-1	11622	vais
traig	-1	11622	traigo
cofr	-1	11622	cofre
cedr	-1	11622	cedro
tachon	-1	11622	tachonado
enfund	-1	11622	enfundado
zapatill	-1	11622	zapatilla
acuñ	-1	11622	acuñadas
piramid	-1	11622	pirámide
escalon	-1	11622	escalonada
arder	-1	11622	arderá
estais	-1	11622	estáis
dracarys	-1	11622	Dracarys
dentell	-1	11622	dentellada
llamar	-1	11622	llamarada
rojinegr	-1	11622	rojinegra
lloriqu	-1	11622	lloriquean
marcha	-1	11622	marchaos
lagartit	-1	11622	lagartitos
legu	-1	11622	legua
decidsel	-1	11622	Decídselo
anochec	-1	11622	anochecer
abris	-1	11622	abrís
gel	-1	11622	gélido
ardi	-1	11622	ardían
doqui	-1	11622	doquier
colin	-1	11622	colina
emborrach	-1	11622	emborrachado
cuñ	-1	11622	cuña
rhaeg	-1	11622	Rhaegar
habersel	-1	11622	habérseles
atez	-1	11622	atezado
livian	-1	11622	liviano
ral	-1	11622	ralear
vellud	-1	11622	velludo
pav	-1	11622	pavo
deslustr	-1	11622	deslustrado
olisque	-1	11622	olisqueó
rezum	-1	11622	rezumaba
ennegrec	-1	11622	ennegreció
asad	-1	11622	asada
asqu	-1	11622	asqueada
gatit	-1	11622	gatitos
raton	-1	11622	ratón
ganchud	-1	11622	ganchuda
rapaz	-1	11622	rapaz
descascar	-1	11622	descascarado
dothraki	-1	11622	dothraki
cader	-1	11622	cadera
estilet	-1	11622	estilete
myriens	-1	11622	myriense
empuñadur	-1	11622	empuñaduras
lasciv	-1	11622	lascivas
doy	-1	11622	doy
incont	-1	11622	incontables
danzarin	-1	11622	danzarín
decir	-1	11622	deciros
fanfarron	-1	11622	fanfarronería
prestadm	-1	11622	prestadme
reverent	-1	11622	reverencia
radiant	-1	11622	radiante
sonroj	-1	11622	sonrojar
pedacit	-1	11622	pedacito
retaguardi	-1	11622	retaguardia
detien	-1	11622	detienen
lealtad	-1	11622	lealtades
enfurec	-1	11622	enfureció
pyat	-1	11622	Pyat
xar	-1	11622	Xaro
viserys	-1	11622	Viserys
cortant	-1	11622	cortante
encargar	-1	11622	encargaros
mirri	-1	11622	Mirri
duur	-1	11622	Duur
juguet	-1	11622	jugueteaba
latig	-1	11622	látigo
dispondr	-1	11622	dispondré
nan	-1	11622	nana
hrakk	-1	11622	hrakkar
cuentam	-1	11622	Cuéntame
canos	-1	11622	canosa
lannist	-1	11622	Lannister
arpa	-1	11622	arpa
lord	-1	11622	Lord
steffon	-1	11622	Steffon
baratheon	-1	11622	Baratheon
jason	-1	11622	Jason
mallist	-1	11622	Mallister
vibor	-1	11622	Víbora
dorn	-1	11622	Dorne
toyn	-1	11622	Toyne
foraj	-1	11622	forajidos
arthur	-1	11622	Arthur
dayn	-1	11622	Dayne
titube	-1	11622	titubeó
whent	-1	11622	Whent
harrenhal	-1	11622	Harrenhal
usanz	-1	11622	usanza
bard	-1	11622	bardos
atrajeron	-1	11622	atrajeron
rocadragon	-1	11622	Rocadragón
lyann	-1	11622	Lyanna
stark	-1	11622	Stark
dorniens	-1	11622	dorniense
mia	-1	11622	mía
arrebuj	-1	11622	arrebujándose
insolent	-1	11622	insolencia
aprem	-1	11622	apremió
predestin	-1	11622	predestinación
funest	-1	11622	funesta
estival	-1	11622	Estival
amab	-1	11622	amaba
oia	-1	11622	oía
cuerd	-1	11622	cuerdas
usurp	-1	11622	Usurpador
solt	-1	11622	soltó
indecent	-1	11622	indecentes
alzaron	-1	11622	alzaron
unison	-1	11622	unísono
salpicadur	-1	11622	salpicaduras
hinc	-1	11622	hincó
levanta	-1	11622	Levantaos
mhysa	-1	11622	Mhysa
chiquitin	-1	11622	chiquitina
vocecit	-1	11622	vocecita
uniendos	-1	11622	uniéndose
arrodill	-1	11622	arrodillaban
mael	-1	11622	Maela
aelall	-1	11622	Aelalla
qathei	-1	11622	Qathei
cantic	-1	11622	cántico
estremec	-1	11622	estremecía
acarici	-1	11622	acariciar
crin	-1	11622	crines
dulc	-1	11622	dulce
galop	-1	11622	galope
enton	-1	11622	entonaban
mejill	10	11622	mejilla
temblor	13	11622	tembloroso
agit	14	11622	agitando
murall	41	11622	murallas
curv	42	11622	curvó
escup	69	11622	escupió
pom	88	11622	pomos
medit	90	11622	meditó
acost	92	11622	acostarse
maldit	97	11622	maldito
mordisqu	106	11622	mordisquearle
aguard	114	11622	aguardarlos
gargant	178	11622	gargantas
tap	196	11622	tapa
maldicion	206	11622	maldiciones
fea	251	11622	fea
gruñ	270	11622	gruñía
sise	273	11622	siseó
ramer	298	11622	ramera
reir	331	11622	reír
truen	368	11622	trueno
gem	376	11622	gemas
bofet	383	11622	bofetada
tropez	421	11622	tropezó
magnif	423	11622	magnífico
sopl	434	11622	soplaba
malgast	502	11622	malgastar
amarillent	518	11622	amarillento
conmig	555	11622	conmigo
prad	582	11622	prados
fust	584	11622	fusta
rug	613	11622	rugió
voluntari	663	11622	voluntaria
na	667	11622	na
escori	705	11622	escoria
alfombr	772	11622	alfombras
unirs	789	11622	unirse
matanz	796	11622	matanza
campament	818	11622	campamento
patrull	826	11622	patrullar
pend	880	11622	pendió
paliz	960	11622	paliza
cuer	1179	11622	cuero
hermand	1316	11622	hermandad
zanj	1366	11622	zanja
guant	1382	11622	guantes
astut	1387	11622	astutos
pref	1431	11622	prefieran
centinel	1501	11622	centinelas
grandi	1533	11622	grandiosidad
deshilach	1569	11622	deshilachar
atuend	1579	11622	atuendo
oyo	1646	11622	Oyó
leal	1664	11622	leales
pedaz	1698	11622	pedazos
uniend	1708	11622	uniendo
desmont	1746	11622	desmontó
desmoron	1766	11622	desmoronarse
gentil	1779	11622	gentil
sencillez	1798	11622	sencillez
diversion	1807	11622	diversiones
imponent	1846	11622	imponente
riz	1855	11622	rizado
agud	1924	11622	aguda
ocas	1956	11622	ocasos
hoguer	2009	11622	hogueras
ancian	2013	11622	ancianos
malabar	2041	11622	malabarista
abol	2103	11622	abolir
aull	2130	11622	aulló
chamusc	2144	11622	chamuscado
calcin	2162	11622	calcinada
yegu	2247	11622	yegua
uñas	2269	11622	uñas
esmalt	2270	11622	esmalte
prescind	2280	11622	prescindir
evoc	2292	11622	evocaba
exili	2300	11622	exiliado
buey	2337	11622	buey
ah	2340	11622	Ah
rojiz	2349	11622	rojiza
espi	2361	11622	espía
colg	2373	11622	colgados
princes	2379	11622	princesa
flech	2429	11622	flechas
onde	2431	11622	ondeaban
frunc	2443	11622	fruncido
ceñ	2444	11622	ceño
tortug	2467	11622	tortuga
festin	2547	11622	festines
nefast	2560	11622	nefasta
querran	2623	11622	querrán
maz	2714	11622	Maz
cav	2819	11622	cavada
sonreir	2920	11622	sonreír
polvorient	2930	11622	polvoriento
sacerdot	3004	11622	sacerdote
amos	3028	11622	Amos
dor	3123	11622	dorado
alzo	3145	11622	alzó
habran	3162	11622	habrán
jurament	3185	11622	juramento
empin	3220	11622	empinado
elij	3259	11622	elijan
incans	3279	11622	incansable
vendran	3336	11622	Vendrán
tat	3346	11622	Tato
talon	3392	11622	talones
recompens	3405	11622	recompensas
incuestion	3601	11622	incuestionable
bastion	3758	11622	Bastión
caotic	3814	11622	caótico
pre	3862	11622	Pree
valdr	3881	11622	valdría
bondad	3920	11622	Bondadosos
borrach	3950	11622	borracho
amad	3999	11622	amado
ballest	4289	11622	ballestas
arco	4435	11622	arco
moc	4444	11622	mocos
abrieron	4462	11622	abrieron
coj	4479	11622	cojáis
eli	4556	11622	Elia
audaz	4602	11622	Audaz
provision	4727	11622	provisiones
medianoch	4736	11622	medianoche
aferr	4834	11622	aferró
teñ	4878	11622	teñida
arrug	4880	11622	Arrugó
regaz	4892	11622	regazo
echab	4894	11622	Echaba
vag	4907	11622	vagaban
oso	4909	11622	oso
cuern	4910	11622	cuernos
alzab	4926	11622	alzaban
entristec	4931	11622	entristecía
mantequill	4933	11622	mantequilla
musl	4938	11622	muslos
sangrient	4952	11622	sangriento
cabr	4964	11622	cabras
paus	4967	11622	pausa
trag	4971	11622	trago
sacud	4996	11622	sacudió
hiler	5005	11622	hileras
insinu	5014	11622	insinuando
doncell	5022	11622	doncellas
ovej	5023	11622	ovejas
brusc	5031	11622	brusca
rabi	5076	11622	rabia
doscient	5101	11622	Doscientos
infam	5112	11622	infame
intrig	5122	11622	intrigante
preven	5169	11622	prevenida
apar	5206	11622	aparearé
diminut	5208	11622	diminutas
persegu	5210	11622	perseguía
botin	5235	11622	botín
oir	5252	11622	oír
oye	5253	11622	oye
eras	5265	11622	eras
huy	5268	11622	huya
hart	5331	11622	hartando
apag	5336	11622	apagar
reci	5340	11622	recio
rec	5359	11622	recaía
abras	5367	11622	abrasó
obsequi	5389	11622	obsequios
estir	5429	11622	estiraban
replic	5453	11622	replicó
sombrer	5477	11622	sombrero
retroced	5479	11622	retrocedió
intact	5490	11622	intacta
negacion	5503	11622	negación
reput	5521	11622	reputación
esclav	5534	11622	esclavos
oscurec	5619	11622	oscurecido
aterr	5625	11622	aterradora
diecis	5667	11622	dieciséis
arrop	5753	11622	arropada
estud	5774	11622	estudió
disimul	5858	11622	disimulaba
lon	5870	11622	lona
destrez	5872	11622	destreza
impotent	5885	11622	impotente
trot	5897	11622	trote
lastim	5898	11622	Lástima
interrump	5928	11622	interrumpió
feroc	5929	11622	ferocidad
dialect	5944	11622	dialecto
report	5971	11622	reportará
insistent	6169	11622	insistencia
explor	6183	11622	exploradores
cim	6223	11622	cima
titan	6282	11622	Titán
sobresalt	6298	11622	sobresalto
simon	6329	11622	Simon
valer	6361	11622	valeroso
decen	6398	11622	decenas
viol	6515	11622	violará
dudos	6565	11622	dudosa
sonr	6660	11622	Sonrió
amabl	6671	11622	amable
desnud	6679	11622	desnudas
tend	6681	11622	tendió
huid	6697	11622	huido
suplic	6714	11622	suplicado
melancol	6716	11622	melancólico
olor	6737	11622	olor
sudor	6763	11622	sudor
grues	6766	11622	gruesa
sagr	6788	11622	sagrada
arañ	6796	11622	arañaba
tus	6800	11622	tus
cancion	6806	11622	canciones
hum	6816	11622	humo
tembl	6817	11622	temblaba
sabidur	6820	11622	sabiduría
delic	6827	11622	delicada
querr	6835	11622	Querréis
prend	6838	11622	prendió
virg	6868	11622	virgen
inspir	6871	11622	inspira
huir	6878	11622	huir
nariz	6885	11622	nariz
parient	6888	11622	parientes
pobl	6889	11622	poblados
aplast	6916	11622	aplastar
desparram	6928	11622	desparramaron
unen	6969	11622	unen
cuell	7016	11622	cuello
excepcional	7041	11622	excepcional
prisioner	7065	11622	prisioneros
voc	7078	11622	voces
sabr	7081	11622	sabrías
concili	7088	11622	conciliador
glorios	7134	11622	gloriosa
quinient	7152	11622	quinientos
traicion	7169	11622	traición
tron	7224	11622	trono
bot	7236	11622	botas
fortalez	7264	11622	Fortaleza
describ	7271	11622	describís
despleg	7286	11622	desplegaron
valient	7292	11622	valiente
retom	7308	11622	retomado
pabellon	7326	11622	pabellón
cal	7354	11622	cálido
mentir	7365	11622	mentiroso
vulner	7370	11622	vulnerable
elig	7383	11622	eligieran
inquiet	7389	11622	inquieta
vel	7403	11622	velar
coll	7410	11622	collar
treint	7439	11622	treinta
copi	7444	11622	copia
mang	7461	11622	manga
depris	7483	11622	deprisa
haran	7524	11622	harán
cuerv	7531	11622	Cuervos
cor	7544	11622	coro
dispers	7554	11622	disperso
supervision	7556	11622	supervisión
triplic	7578	11622	triplico
escam	7643	11622	escamosa
llor	7686	11622	llorado
troz	7708	11622	trozo
camell	7710	11622	camello
comic	7715	11622	cómicos
cruel	7716	11622	crueles
carnic	7733	11622	carnicería
muñec	7758	11622	muñecas
sincer	7767	11622	sinceridad
nervios	7774	11622	nervioso
asust	7797	11622	asustó
reconstru	7800	11622	reconstruir
guerrer	7827	11622	guerreros
empiez	7829	11622	Empiezo
disc	7830	11622	discos
rend	7875	11622	rendido
infant	7901	11622	infantería
gam	7902	11622	gama
idiom	7904	11622	idioma
indici	7911	11622	indicio
indecis	7929	11622	indecisa
entraron	7971	11622	entraron
sabor	7976	11622	sabor
docen	8010	11622	docena
manch	8039	11622	manchas
cuenc	8041	11622	cuenco
echo	8060	11622	echó
chiquill	8081	11622	chiquilla
barril	8088	11622	barril
brind	8090	11622	brindaremos
estaran	8121	11622	estarán
os	8140	11622	os
pint	8174	11622	pintadas
cinturon	8175	11622	cinturón
decepcion	8176	11622	decepcionada
gris	8195	11622	Gris
perr	8196	11622	perros
repent	8225	11622	repente
nub	8227	11622	nube
ranci	8231	11622	rancio
bellez	8249	11622	belleza
torment	8255	11622	Tormenta
roz	8262	11622	rozó
rez	8269	11622	rezar
honr	8273	11622	honrada
ruin	8287	11622	ruinas
plag	8292	11622	plagadas
inocent	8319	11622	inocencia
dign	8324	11622	dignos
verl	8326	11622	verla
cortes	8330	11622	cortés
hierr	8335	11622	hierro
bosqu	8336	11622	bosque
molest	8339	11622	molestará
suav	8349	11622	suave
polv	8359	11622	polvo
esplend	8372	11622	espléndida
alivi	8377	11622	aliviara
cap	8378	11622	capas
rang	8379	11622	rango
saqu	8383	11622	saque
vet	8384	11622	vete
cai	8396	11622	caía
volc	8404	11622	volcó
primaver	8449	11622	primavera
sint	8456	11622	sintió
peculiar	8465	11622	peculiares
leon	8474	11622	león
pies	8478	11622	pies
esten	8486	11622	estén
ave	8492	11622	ave
rig	8495	11622	rígido
riend	8508	11622	riendas
cup	8518	11622	cupiera
bienven	8530	11622	bienvenida
intervin	8542	11622	intervino
desped	8555	11622	despedida
pech	8613	11622	pecho
suspir	8628	11622	suspiros
gemel	8635	11622	gemela
gord	8638	11622	gorda
rod	8643	11622	rodearía
lengu	8647	11622	lengua
sabi	8653	11622	Sabios
vac	8668	11622	vacía
carn	8678	11622	carne
pal	8687	11622	pálida
eres	8689	11622	eres
mediod	8694	11622	mediodía
plac	8695	11622	placer
perdon	8700	11622	Perdona
salg	8708	11622	salga
curi	8719	11622	curiosidad
aceit	8726	11622	aceitado
brill	8729	11622	brilló
usad	8734	11622	usado
exclam	8741	11622	exclamó
dam	8751	11622	dame
guardi	8754	11622	Guardia
ton	8764	11622	tono
loc	8768	11622	loca
cay	8777	11622	cayó
cervez	8797	11622	cerveza
tension	8835	11622	tensión
garr	8847	11622	garras
posesion	8875	11622	posesiones
cen	8878	11622	cenar
tra	8879	11622	trae
talant	8887	11622	talante
promet	8906	11622	prometía
ti	8907	11622	ti
liderazg	8908	11622	liderazgo
nieg	8911	11622	niegas
adult	8925	11622	adultos
examin	8927	11622	examinar
misteri	8948	11622	misterioso
muer	8957	11622	mueran
bigot	8959	11622	bigotes
oid	8960	11622	oídos
nobl	8962	11622	nobles
arrastr	8975	11622	arrastraron
arrog	8997	11622	arrogancia
dars	9016	11622	darse
conquist	9025	11622	conquistar
imperi	9034	11622	imperio
princip	9035	11622	príncipe
resist	9055	11622	resistir
iban	9062	11622	iban
sensacion	9066	11622	sensación
dier	9075	11622	diera
arrebat	9078	11622	arrebató
orgull	9089	11622	orgullosos
mant	9102	11622	manto
cuartel	9114	11622	cuartel
rubi	9142	11622	rubio
sobreviv	9169	11622	sobrevivan
hierb	9181	11622	hierba
inviern	9195	11622	invierno
atrap	9198	11622	atrapado
rop	9205	11622	ropa
sorpres	9216	11622	sorpresa
agot	9220	11622	agotaban
rodill	9221	11622	rodilla
espectacul	9227	11622	espectáculo
ojo	9240	11622	Ojo
inclin	9250	11622	inclinó
desesper	9251	11622	desesperado
moren	9256	11622	moreno
lanzamient	9258	11622	lanzamiento
ala	9262	11622	ala
encend	9263	11622	encendiendo
encaj	9267	11622	encaje
trist	9296	11622	triste
culp	9304	11622	culpa
ram	9305	11622	ramas
fam	9314	11622	fama
amarg	9332	11622	amargado
espad	9333	11622	espadas
engañ	9346	11622	engañar
voy	9371	11622	voy
devolv	9379	11622	devolvería
rot	9385	11622	rota
comand	9391	11622	comandante
cadaver	9393	11622	cadavéricas
hach	9414	11622	hachas
dient	9421	11622	dientes
menud	9422	11622	menudo
bes	9423	11622	besar
derram	9429	11622	derramar
dolor	9433	11622	dolor
piern	9434	11622	piernas
cog	9435	11622	Coge
jur	9437	11622	Jurasteis
sonris	9439	11622	sonrisa
puñ	9442	11622	puños
bonit	9454	11622	bonitas
espos	9464	11622	esposa
intens	9468	11622	intenso
vin	9476	11622	vino
carec	9480	11622	carecen
disfrut	9482	11622	disfrutaba
vest	9488	11622	vestía
gest	9497	11622	gesto
luc	9521	11622	Lucían
detuv	9525	11622	detuvo
caball	9535	11622	caballo
temor	9548	11622	temor
merluz	9562	11622	merluza
capitan	9582	11622	capitanes
sep	9584	11622	sepáis
rar	9594	11622	rara
cant	9596	11622	cantarle
hermos	9597	11622	hermosa
costumbr	9598	11622	costumbre
acas	9599	11622	Acaso
dir	9602	11622	diría
rostr	9605	11622	rostro
cubiert	9609	11622	cubierto
hond	9614	11622	hondas
solitari	9619	11622	solitario
drog	9621	11622	Drogo
cualqu	9626	11622	cualquiera
apreci	9627	11622	aprecio
salvaj	9632	11622	salvaje
empuj	9635	11622	empujando
iran	9637	11622	irán
debaj	9642	11622	debajo
proteg	9645	11622	protegerla
dan	9651	11622	dan
entro	9660	11622	entró
escolt	9663	11622	escoltas
otorg	9666	11622	otorgado
refugi	9667	11622	refugiéis
pong	9669	11622	ponga
ocult	9673	11622	ocultara
ident	9674	11622	idénticos
divid	9681	11622	dividida
moned	9682	11622	monedas
tiend	9686	11622	tienda
fals	9689	11622	falsos
alegr	9692	11622	alegra
instant	9694	11622	instante
jamas	9695	11622	jamás
lagrim	9697	11622	lágrimas
cubr	9705	11622	cubrían
fidel	9707	11622	fidelidad
confi	9724	11622	confiar
anill	9736	11622	anillas
plum	9741	11622	plumas
tare	9744	11622	tarea
cortin	9745	11622	cortina
aprend	9746	11622	aprendía
usar	9752	11622	usaremos
arma	9765	11622	arma
tonel	9767	11622	toneles
vient	9777	11622	vientos
pie	9782	11622	pie
glori	9790	11622	gloria
tendran	9792	11622	tendrán
tamañ	9796	11622	tamaña
dorm	9814	11622	dormir
ded	9816	11622	dedo
escuch	9820	11622	Escucharé
enseñ	9821	11622	enseñado
grit	9822	11622	gritos
som	9823	11622	Somos
bronc	9841	11622	bronce
estim	9845	11622	estima
prest	9846	11622	prestaba
transmit	9848	11622	transmitir
insult	9849	11622	insultarme
pen	9858	11622	pena
feliz	9859	11622	feliz
cincuent	9860	11622	cincuenta
mezcl	9862	11622	mezcladas
pel	9864	11622	pelear
equivoc	9865	11622	equivocado
amor	9867	11622	amor
encim	9870	11622	encima
etern	9883	11622	Eternos
castill	9900	11622	castillos
des	9901	11622	desean
sospech	9902	11622	sospechas
gir	9906	11622	girar
piedr	9907	11622	piedra
excelent	9913	11622	excelente
despert	9923	11622	despertar
busqued	9927	11622	búsqueda
beb	9941	11622	bebió
robert	9942	11622	Robert
asesin	9943	11622	asesino
captur	9945	11622	capturado
bord	9956	11622	borde
nacimient	9976	11622	nacimiento
comprend	9977	11622	comprende
mor	9982	11622	moriré
acontec	9994	11622	acontecimiento
pacif	9996	11622	Pacífico
vio	10002	11622	vio
vuel	10004	11622	vuelo
lin	10005	11622	lino
dieron	10007	11622	dieron
comet	10016	11622	cometido
sombr	10036	11622	sombra
silenci	10037	11622	silencio
oest	10054	11622	oeste
estoy	10055	11622	estoy
jaim	10057	11622	Jaime
terribl	10070	11622	terrible
escap	10072	11622	escapar
pos	10073	11622	posado
inteligent	10075	11622	inteligencia
caballer	10078	11622	caballero
abri	10079	11622	abrió
voz	10089	11622	voz
pobr	10093	11622	pobres
amist	10105	11622	amistad
vigil	10108	11622	vigilando
brillant	10117	11622	brillantes
separ	10123	11622	separaban
barb	10134	11622	barba
ir	10136	11622	ir
altos	10150	11622	altos
fueg	10153	11622	fuegos
azul	10163	11622	azul
dig	10165	11622	digo
enorm	10166	11622	enorme
caer	10168	11622	caerá
ido	10175	11622	ido
quit	10180	11622	quitas
adelant	10194	11622	adelantaron
apart	10199	11622	apartar
aport	10212	11622	aporta
convoc	10218	11622	convocad
semej	10219	11622	semejante
vol	10225	11622	voló
impon	10229	11622	imponía
adel	10232	11622	adelante
suert	10233	11622	suerte
altur	10237	11622	altura
torr	10238	11622	torres
mont	10245	11622	montados
enemig	10248	11622	enemigos
chic	10252	11622	chica
mied	10253	11622	miedo
rob	10259	11622	robaran
poder	10260	11622	poderosas
siguient	10261	11622	siguiente
sold	10264	11622	soldados
corazon	10269	11622	corazón
romp	10275	11622	rompió
signif	10279	11622	significa
soy	10289	11622	soy
defiend	10291	11622	defienden
acerc	10292	11622	acercan
conviert	10293	11622	Convierto
permanec	10295	11622	permaneció
castr	10297	11622	castrar
enter	10300	11622	enteros
error	10305	11622	error
cien	10310	11622	cien
confianz	10311	11622	confianza
bell	10324	11622	bellas
eh	10326	11622	eh
fri	10332	11622	fríos
recien	10333	11622	recién
her	10334	11622	héroes
oscur	10335	11622	oscuro
ejercit	10338	11622	ejército
sean	10339	11622	sean
cruz	10341	11622	cruzaba
mer	10342	11622	Mero
har	10343	11622	Haríais
opin	10348	11622	opináis
depend	10352	11622	depender
dañ	10359	11622	daño
palm	10360	11622	palmadas
suy	10363	11622	suya
batall	10368	11622	batalla
invit	10378	11622	Invitad
entrar	10379	11622	entrar
amarill	10388	11622	amarillo
col	10390	11622	colarse
mur	10393	11622	muros
mat	10394	11622	matéis
extend	10396	11622	extendía
volunt	10398	11622	voluntad
atac	10399	11622	atacar
boc	10400	11622	boca
seran	10404	11622	Serán
ciel	10406	11622	cielos
rap	10410	11622	rápido
abrir	10411	11622	abrirá
doc	10418	11622	doce
delant	10419	11622	delante
piens	10420	11622	Piensa
profund	10428	11622	profunda
tu	10437	11622	tu
sangr	10438	11622	sangre
pur	10443	11622	pura
arte	10446	11622	arte
recorr	10451	11622	recorrieron
correspond	10452	11622	corresponde
crec	10460	11622	creciendo
edad	10462	11622	edad
mensaj	10467	11622	mensaje
hag	10471	11622	haga
mis	10475	11622	mis
just	10481	11622	justo
riesg	10482	11622	riesgo
estrell	10497	11622	estrellas
peor	10498	11622	peor
siqu	10503	11622	siquiera
terc	10514	11622	tercer
atras	10516	11622	atrás
advirt	10520	11622	advirtió
serv	10524	11622	servían
braz	10534	11622	brazo
signific	10536	11622	significaba
compar	10543	11622	comparado
prepar	10547	11622	preparado
premi	10550	11622	premios
hic	10555	11622	hicieron
relat	10557	11622	relataste
sueñ	10558	11622	sueño
ve	10560	11622	ve
compromet	10563	11622	comprometido
trafic	10566	11622	traficantes
honor	10577	11622	honor
ciudad	10579	11622	ciudades
iba	10580	11622	Iba
jov	10581	11622	joven
abandon	10586	11622	abandonarlos
toc	10587	11622	tocar
respuest	10589	11622	respuesta
neg	10590	11622	negar
barc	10597	11622	barco
salud	10601	11622	saludable
dese	10603	11622	desea
apen	10607	11622	Apenas
luz	10615	11622	luz
plat	10616	11622	plateada
veran	10619	11622	verán
liber	10623	11622	liberado
intencion	10625	11622	intención
demasi	10627	11622	demasiado
insist	10629	11622	insistió
contempl	10635	11622	Contempló
actu	10637	11622	actuasteis
viej	10640	11622	viejo
cuadr	10644	11622	cuadrado
cobr	10647	11622	cobre
mand	10651	11622	mando
entrad	10653	11622	entrada
ven	10654	11622	venas
competicion	10655	11622	competiciones
salv	10657	11622	salvarse
encarg	10661	11622	encargar
esas	10663	11622	esas
corr	10664	11622	corre
caden	10665	11622	cadena
constant	10667	11622	constantes
atencion	10670	11622	atención
not	10671	11622	notaba
olvid	10677	11622	olvidado
consejer	10678	11622	consejero
envi	10679	11622	enviados
lej	10683	11622	lejos
ojos	10684	11622	ojos
calcul	10687	11622	calcular
dedic	10688	11622	dedicó
garantiz	10691	11622	garantizada
salt	10692	11622	salto
sed	10696	11622	sed
empez	10698	11622	empezaba
animal	10699	11622	animales
piel	10702	11622	piel
clav	10706	11622	clavó
suced	10707	11622	sucederá
detall	10708	11622	detalles
plen	10712	11622	pleno
simpl	10714	11622	simple
flor	10717	11622	flores
combat	10722	11622	combate
golp	10742	11622	golpe
libert	10743	11622	libertos
acud	10747	11622	Acude
ray	10750	11622	rayos
lanz	10752	11622	lanzas
pus	10754	11622	puso
distanci	10756	11622	distancia
probabl	10757	11622	probable
regres	10760	11622	regresó
oro	10761	11622	oro
regal	10765	11622	regalo
nac	10766	11622	nacidos
alto	10771	11622	alto
muestr	10775	11622	muestre
tampoc	10776	11622	tampoco
acompañ	10781	11622	acompañaban
herman	10783	11622	hermanos
padr	10784	11622	padre
reun	10787	11622	reunido
siend	10800	11622	siendo
llen	10806	11622	lleno
ric	10808	11622	rico
pretend	10810	11622	pretende
dud	10814	11622	duda
mit	10822	11622	mitad
color	10824	11622	color
consum	10836	11622	consumiendo
elev	10839	11622	elevó
demostr	10841	11622	demostrado
estam	10844	11622	estamos
conserv	10845	11622	conservar
dios	10851	11622	dioses
te	10861	11622	te
todav	10862	11622	todavía
realid	10863	11622	realidad
demas	10865	11622	demás
respond	10869	11622	respondió
antigu	10870	11622	antiguos
gust	10872	11622	gusta
compañer	10873	11622	compañeros
respet	10876	11622	respeto
contrari	10878	11622	contrario
recog	10880	11622	recogido
vien	10883	11622	vienen
torne	10885	11622	torneos
cort	10889	11622	cortaban
lad	10891	11622	lado
met	10892	11622	metía
caid	10895	11622	caída
estuv	10898	11622	estuviera
ped	10900	11622	pedían
suficient	10903	11622	suficientemente
ellas	10906	11622	ellas
armad	10907	11622	armados
maner	10908	11622	manera
dich	10911	11622	dicho
negr	10914	11622	negras
rein	10916	11622	reino
cuerp	10918	11622	cuerpo
izquierd	10920	11622	izquierda
ventaj	10921	11622	ventaja
dio	10922	11622	dio
aquel	10925	11622	aquel
conclu	10931	11622	concluyó
he	10932	11622	He
protest	10934	11622	protestó
dispuest	10935	11622	dispuesto
naturalez	10937	11622	naturaleza
roj	10938	11622	roja
noch	10941	11622	noche
pag	10942	11622	pagaron
entend	10945	11622	entenderlo
amig	10947	11622	amigo
dirig	10953	11622	dirigidos
palabr	10955	11622	palabra
entreg	10957	11622	entregué
coron	10959	11622	coronó
cerc	10961	11622	cerca
siet	10966	11622	siete
ampli	10967	11622	amplio
mir	10971	11622	miró
verd	10975	11622	verde
debat	10976	11622	debatiendo
facil	10977	11622	facilidad
eran	10979	11622	eran
tendr	10982	11622	tendría
hem	10984	11622	hemos
retir	10986	11622	retirase
superior	10991	11622	superior
lun	10996	11622	luna
acept	10998	11622	aceptarla
recuper	11000	11622	recuperar
levant	11001	11622	levantar
list	11005	11622	listos
mujer	11008	11622	mujeres
camin	11009	11622	camino
cuart	11013	11622	cuarta
cabez	11017	11622	cabeza
necesit	11020	11622	necesitaba
quien	11022	11622	quién
opinion	11023	11622	opinión
suel	11030	11622	suelo
alli	11033	11622	allí
tir	11034	11622	tiró
muj	11035	11622	Mujer
peligr	11036	11622	peligroso
reduc	11037	11622	reducido
armas	11040	11622	armas
ocasion	11044	11622	ocasión
transport	11046	11622	transportar
tierr	11049	11622	tierra
march	11050	11622	marcha
anunc	11051	11622	anunció
dificil	11052	11622	difícil
car	11053	11622	cara
presenci	11055	11622	presencia
venc	11056	11622	venceremos
neces	11059	11622	necesidad
termin	11062	11622	terminar
mod	11066	11622	modo
ide	11067	11622	idea
teng	11068	11622	tengáis
establec	11074	11622	establecido
supon	11077	11622	suponía
cam	11080	11622	cama
ciudadan	11081	11622	ciudadano
favor	11083	11622	favor
cerr	11084	11622	Cerró
condicion	11086	11622	condiciones
formacion	11088	11622	formación
puert	11089	11622	puertas
lueg	11091	11622	luego
consej	11093	11622	Consejo
sufr	11096	11622	sufrió
nosotr	11097	11622	nosotros
limit	11098	11622	limitan
cop	11102	11622	copa
pens	11108	11622	pensar
fuer	11109	11622	fueran
dur	11110	11622	duro
paz	11112	11622	paz
aqu	11117	11622	aquí
diez	11118	11622	diez
quer	11120	11622	quería
mil	11121	11622	mil
hij	11132	11622	Hijos
principi	11135	11622	principio
dentr	11136	11622	Dentro
señor	11138	11622	señor
sac	11139	11622	sacó
cab	11141	11622	cabo
esos	11142	11622	Esos
puebl	11143	11622	pueblo
entren	11146	11622	entrenara
compr	11149	11622	compraré
convert	11152	11622	convertirlas
niñ	11156	11622	niños
sub	11157	11622	subían
van	11161	11622	Van
fuert	11162	11622	Fuerte
centr	11165	11622	centro
necesari	11166	11622	necesario
luch	11170	11622	Luchamos
band	11172	11622	bando
cualqui	11174	11622	cualquier
derrot	11176	11622	derrotar
ofrec	11178	11622	ofrecimiento
habr	11179	11622	Habrá
gener	11180	11622	generoso
pregunt	11183	11622	preguntó
vec	11184	11622	veces
posibil	11189	11622	posibilidades
agu	11190	11622	agua
campeon	11192	11622	campeón
busc	11193	11622	buscado
rest	11194	11622	resto
air	11196	11622	aire
jef	11198	11622	jefe
hiz	11202	11622	Hizo
ver	11203	11622	ver
prueb	11206	11622	prueba
cuant	11208	11622	Cuantos
utiliz	11209	11622	utilizar
clar	11210	11622	claro
ella	11215	11622	ella
aquell	11218	11622	Aquellos
orden	11219	11622	ordenéis
contrat	11220	11622	contraten
mal	11222	11622	mal
larg	11225	11622	larga
ello	11232	11622	ello
pud	11233	11622	pudo
yo	11234	11622	yo
igual	11235	11622	iguales
situ	11238	11622	situarse
carrer	11241	11622	carrera
registr	11246	11622	registren
servici	11248	11622	servicios
principal	11249	11622	principal
preci	11252	11622	precio
record	11253	11622	recordaban
razon	11254	11622	razón
unas	11255	11622	unas
mostr	11258	11622	mostraba
blanc	11261	11622	blancas
ayer	11262	11622	ayer
segu	11263	11622	seguido
exist	11265	11622	existido
histori	11266	11622	historia
victori	11268	11622	victoria
volv	11270	11622	volvió
manten	11271	11622	mantenerlos
dar	11273	11622	dar
rey	11276	11622	reyes
vist	11278	11622	vista
ciud	11280	11622	ciudad
habl	11281	11622	hablar
tard	11283	11622	tarde
compañ	11284	11622	compañías
nunc	11285	11622	nunca
cumpl	11286	11622	cumplir
consegu	11287	11622	conseguiréis
enfrent	11289	11622	enfrentarse
añad	11290	11622	añadas
nombr	11293	11622	nombre
esto	11299	11622	esto
encontr	11300	11622	encontraron
pequeñ	11301	11622	pequeño
mañan	11302	11622	mañana
recib	11303	11622	recibiré
decid	11309	11622	decidió
ciert	11313	11622	Cierto
muert	11315	11622	muerte
sig	11316	11622	sigue
cos	11319	11622	cosidos
ayud	11323	11622	ayuda
man	11324	11622	manos
real	11326	11622	real
vuelt	11327	11622	vuelta
pues	11328	11622	Pues
carg	11332	11622	carga
casi	11334	11622	casi
inclus	11336	11622	incluso
respect	11338	11622	respecto
fueron	11342	11622	Fueron
oficial	11343	11622	oficiales
segur	11345	11622	seguro
falt	11346	11622	falta
lug	11348	11622	lugar
estar	11353	11622	estar
vari	11354	11622	varios
cuy	11356	11622	cuyo
pon	11357	11622	pones
sent	11358	11622	sentir
jug	11359	11622	jugaran
les	11360	11622	les
guerr	11361	11622	guerra
situacion	11362	11622	situación
sea	11364	11622	sea
entonc	11367	11622	Entonces
hub	11368	11622	hubo
quier	11369	11622	Quiero
sal	11370	11622	salieron
junt	11372	11622	junto
tuv	11373	11622	tuvieron
diferent	11374	11622	diferente
tal	11377	11622	Tal
intent	11378	11622	intentó
aun	11379	11622	Aun
puest	11381	11622	puesto
ningun	11382	11622	ninguno
cuatr	11383	11622	cuatro
problem	11384	11622	problemas
nad	11385	11622	nada
llam	11386	11622	llamar
marc	11387	11622	marcos
frent	11388	11622	frente
posibl	11389	11622	posible
particip	11390	11622	participantes
cuent	11391	11622	cuentan
valor	11392	11622	valorado
autor	11394	11622	autoridad
algo	11395	11622	algo
tom	11400	11622	tomar
declar	11402	11622	declaró
ellos	11403	11622	ellos
conoc	11406	11622	conocimientos
cual	11407	11622	Cuál
esper	11408	11622	esperaré
dic	11409	11622	diciendo
viv	11410	11622	vivido
unic	11413	11622	único
estab	11414	11622	estaba
otras	11415	11622	otras
fuerz	11416	11622	fuerzas
podr	11418	11622	Podríamos
estan	11419	11622	están
derech	11420	11622	derecha
haci	11421	11622	hacia
moment	11422	11622	momento
propi	11423	11622	propios
numer	11424	11622	número
mi	11425	11622	mi
cambi	11426	11622	cambiar
grand	11427	11622	grande
libr	11428	11622	libres
permit	11429	11622	permitiréis
cinc	11431	11622	Cinco
punt	11436	11622	punto
hor	11437	11622	horas
organiz	11439	11622	organizó
perd	11440	11622	perdido
men	11443	11622	menos
eso	11444	11622	Eso
trat	11447	11622	trate
buen	11452	11622	buena
estos	11453	11622	Estos
unos	11454	11622	Unos
dias	11456	11622	días
dej	11457	11622	dejado
hech	11460	11622	hecho
parec	11462	11622	parecían
tan	11463	11622	tan
dia	11464	11622	día
siempr	11466	11622	Siempre
otra	11468	11622	otra
bien	11469	11622	bien
me	11471	11622	me
dec	11474	11622	decirles
pes	11475	11622	pesado
señal	11476	11622	señaló
result	11477	11622	resultó
nuestr	11478	11622	Nuestras
ademas	11479	11622	además
qued	11481	11622	quedarán
baj	11482	11622	bajo
antes	11483	11622	antes
esa	11484	11622	esa
person	11485	11622	persona
cre	11487	11622	Creéis
vid	11488	11622	vida
import	11489	11622	importancia
prim	11490	11622	primer
consider	11491	11622	considerarán
asegur	11492	11622	aseguraba
cad	11493	11622	cada
hombr	11494	11622	hombres
e	11495	11622	e
gan	11496	11622	ganar
mientr	11497	11622	mientras
qui	11498	11622	quien
inform	11499	11622	informado
sab	11500	11622	saber
mund	11501	11622	mundo
empres	11504	11622	empresa
asi	11505	11622	así
pod	11506	11622	Podemos
tras	11507	11622	tras
llev	11508	11622	llevan
tres	11510	11622	tres
otro	11511	11622	otro
otros	11512	11622	Otros
form	11514	11622	forma
ese	11515	11622	ese
poc	11516	11622	poca
present	11517	11622	presente
tiemp	11518	11622	tiempo
gran	11520	11622	gran
durant	11521	11622	Durante
segund	11522	11622	Segundos
ahor	11524	11622	Ahora
nos	11525	11622	nos
ni	11526	11622	ni
era	11527	11622	era
sid	11528	11622	sido
vez	11529	11622	vez
uno	11530	11622	uno
dond	11531	11622	donde
mejor	11532	11622	mejor
tant	11533	11622	tanto
medi	11534	11622	media
despues	11535	11622	después
madr	11536	11622	Madre
trabaj	11537	11622	trabajos
ante	11538	11622	ante
contr	11539	11622	contra
aunqu	11540	11622	aunque
ten	11541	11622	tenía
equip	11542	11622	equipos
cas	11543	11622	casos
mism	11544	11622	mismo
dij	11545	11622	dijo
año	11546	11622	año
algun	11547	11622	algunos
mayor	11548	11622	mayoría
ultim	11549	11622	última
lleg	11552	11622	llega
much	11553	11622	muchos
cient	11554	11622	ciento
muy	11555	11622	muy
primer	11558	11622	primeras
deb	11559	11622	deber
hay	11560	11622	hay
porqu	11562	11622	porque
cuand	11564	11622	cuando
son	11565	11622	son
hast	11566	11622	hasta
desd	11567	11622	Desde
fue	11568	11622	fue
tien	11569	11622	tiene
nuev	11570	11622	nuevo
pued	11571	11622	puedo
han	11572	11622	han
sol	11574	11622	solo
años	11575	11622	años
tambien	11576	11622	también
ya	11577	11622	Ya
dos	11579	11622	dos
le	11580	11622	le
hab	11581	11622	habían
si	11582	11622	si
pas	11583	11622	pasaban
entre	11584	11622	entre
sobr	11585	11622	sobra
ser	11586	11622	Ser
este	11587	11622	este
hac	11588	11622	hacer
sin	11590	11622	sin
o	11591	11622	o
part	11592	11622	parte
esta	11593	11622	esta
sus	11594	11622	Sus
per	11595	11622	pero
tod	11596	11622	todos
ha	11597	11622	ha
mas	11598	11622	más
lo	11599	11622	Lo
com	11602	11622	Como
es	11603	11622	es
al	11604	11622	al
su	11605	11622	su
no	11606	11622	no
par	11607	11622	para
una	11608	11622	una
con	11609	11622	con
un	11610	11622	un
por	11611	11622	por
las	11612	11622	las
se	11613	11622	se
del	11614	11622	del
los	11615	11622	los
a	11616	11622	a
y	11617	11622	y
en	11618	11622	en
que	11619	11622	que
el	11620	11622	el
la	11621	11622	la
de	11622	11622	de
